{"Loss": 0.15752891451120377, "_runtime": 538, "_timestamp": 1631987550, "_step": 999, "Val Loss": 0.1778847873210907, "Acc": 22.8, "Val ACC": 0.0, "_wandb": {"runtime": 536}}