{"Loss": 0.15753038972616196, "_runtime": 538, "_timestamp": 1631988250, "_step": 999, "Val Loss": 0.177888423204422, "Acc": 22.8, "Val ACC": 0.0, "_wandb": {"runtime": 535}}